user_id,total_deposit,total_withdrawal,deposit_count,withdrawal_count,total_games,loyalty_points
252,100.00,0.00,1,0,0,1.00
458,0.00,0.00,0,0,32,6.40
618,2000.00,0.00,1,0,107,41.40
922,0.00,0.00,0,0,44,8.80
710,0.00,0.00,0,0,36,7.20
541,0.00,0.00,0,0,0,0.00
765,0.00,0.00,0,0,379,75.80
805,0.00,0.00,0,0,22,4.40
540,0.00,0.00,0,0,35,7.00
923,0.00,0.00,0,0,27,5.40
137,5000.00,0.00,1,0,52,60.40
455,30000.00,0.00,1,0,4,300.80
985,4000.00,0.00,2,0,22,44.40
990,0.00,0.00,0,0,72,14.40
989,5000.00,0.00,1,0,46,59.20
744,0.00,0.00,0,0,11,2.20
677,2000.00,0.00,1,0,7,21.40
39,4000.00,0.00,1,0,57,51.40
748,0.00,0.00,0,0,40,8.00
289,2000.00,0.00,1,0,20,24.00
449,2000.00,0.00,1,0,108,41.60
85,0.00,0.00,0,0,44,8.80
502,3300.00,5335.00,2,1,61,71.88
8,0.00,0.00,0,0,9,1.80
663,20000.00,0.00,2,0,112,222.40
9,0.00,0.00,0,0,48,9.60
565,10000.00,17000.00,2,1,24,189.80
181,0.00,0.00,0,0,44,8.80
439,6332.00,0.00,1,0,5,64.32
535,5000.00,0.00,1,0,5,51.00
494,0.00,0.00,0,0,6,1.20
581,0.00,0.00,0,0,28,5.60
992,0.00,0.00,0,0,47,9.40
412,0.00,0.00,0,0,6,1.20
722,5000.00,0.00,1,0,72,64.40
774,0.00,0.00,0,0,19,3.80
365,0.00,0.00,0,0,70,14.00
515,0.00,0.00,0,0,10,2.00
179,0.00,0.00,0,0,12,2.40
377,0.00,20826.00,0,1,46,113.33
753,0.00,0.00,0,0,19,3.80
43,0.00,0.00,0,0,12,2.40
887,0.00,0.00,0,0,96,19.20
668,3000.00,0.00,1,0,20,34.00
869,0.00,0.00,0,0,27,5.40
121,0.00,0.00,0,0,3,0.60
296,0.00,31688.00,0,3,47,167.84
214,0.00,0.00,0,0,2,0.40
845,0.00,0.00,0,0,29,5.80
194,0.00,0.00,0,0,24,4.80
372,10000.00,0.00,1,0,22,104.40
693,0.00,0.00,0,0,13,2.60
721,0.00,0.00,0,0,11,2.20
667,1000.00,0.00,1,0,6,11.20
110,0.00,0.00,0,0,3,0.60
16,25000.00,33949.00,4,2,40,427.75
139,200.00,0.00,2,0,12,4.40
247,0.00,0.00,0,0,99,19.80
851,2350.00,0.00,3,0,16,26.70
297,0.00,0.00,0,0,1,0.20
89,0.00,0.00,0,0,37,7.40
218,4000.00,0.00,2,0,91,58.20
856,40000.00,0.00,1,0,108,421.60
197,0.00,0.00,0,0,8,1.60
477,10000.00,0.00,1,0,6,101.20
646,0.00,0.00,0,0,7,1.40
545,0.00,0.00,0,0,1,0.20
759,0.00,0.00,0,0,7,1.40
355,0.00,0.00,0,0,4,0.80
597,1000.00,0.00,1,0,8,11.60
654,1200.00,0.00,1,0,21,16.20
651,0.00,0.00,0,0,14,2.80
745,200.00,0.00,1,0,18,5.60
679,0.00,0.00,0,0,3,0.60
182,0.00,0.00,0,0,43,8.60
599,4000.00,0.00,1,0,0,40.00
183,0.00,0.00,0,0,11,2.20
31,0.00,3200.00,0,1,15,19.00
156,0.00,0.00,0,0,6,1.20
496,0.00,0.00,0,0,15,3.00
977,0.00,0.00,0,0,0,0.00
978,0.00,0.00,0,0,0,0.00
828,0.00,0.00,0,0,60,12.00
946,10000.00,10000.00,1,1,30,156.00
460,0.00,67000.00,0,1,10,337.00
456,0.00,0.00,0,0,71,14.20
653,0.00,0.00,0,0,16,3.20
342,0.00,0.00,0,0,11,2.20
488,0.00,0.00,0,0,10,2.00
318,0.00,0.00,0,0,12,2.40
242,5000.00,0.00,1,0,9,51.80
273,0.00,0.00,0,0,13,2.60
436,25000.00,0.00,3,0,26,255.20
641,2000.00,0.00,1,0,8,21.60
932,0.00,0.00,0,0,11,2.20
272,0.00,0.00,0,0,49,9.80
849,0.00,0.00,0,0,8,1.60
443,0.00,0.00,0,0,1,0.20
843,0.00,0.00,0,0,8,1.60
844,0.00,0.00,0,0,6,1.20
602,0.00,17091.00,0,1,59,97.26
673,90000.00,0.00,1,0,4,900.80
790,0.00,0.00,0,0,3,0.60
741,0.00,0.00,0,0,0,0.00
309,2000.00,0.00,1,0,17,23.40
987,0.00,0.00,0,0,39,7.80
337,3000.00,0.00,1,0,4,30.80
186,0.00,0.00,0,0,3,0.60
237,0.00,0.00,0,0,43,8.60
945,0.00,0.00,0,0,12,2.40
303,0.00,0.00,0,0,14,2.80
754,0.00,0.00,0,0,85,17.00
730,0.00,0.00,0,0,13,2.60
5,0.00,0.00,0,0,8,1.60
657,0.00,1939.00,0,1,3,10.30
380,400.00,0.00,1,0,7,5.40
973,3000.00,0.00,1,0,17,33.40
777,1000.00,0.00,1,0,13,12.60
567,0.00,0.00,0,0,4,0.80
168,22000.00,0.00,4,0,24,224.80
738,0.00,0.00,0,0,73,14.60
550,0.00,0.00,0,0,2,0.40
487,8000.00,24000.00,1,1,17,203.40
270,0.00,0.00,0,0,9,1.80
14,1000.00,0.00,1,0,0,10.00
57,0.00,0.00,0,0,5,1.00
798,8000.00,0.00,2,0,15,83.00
23,0.00,0.00,0,0,6,1.20
258,200.00,3700.00,1,1,8,22.10
447,0.00,0.00,0,0,0,0.00
837,400.00,0.00,2,0,13,6.60
826,10000.00,0.00,1,0,25,105.00
339,0.00,0.00,0,0,3,0.60
620,0.00,0.00,0,0,7,1.40
582,0.00,0.00,0,0,63,12.60
611,0.00,0.00,0,0,15,3.00
636,0.00,0.00,0,0,15,3.00
407,2000.00,9000.00,1,1,47,74.40
794,0.00,0.00,0,0,7,1.40
354,0.00,0.00,0,0,3,0.60
77,0.00,0.00,0,0,8,1.60
916,0.00,0.00,0,0,5,1.00
902,0.00,0.00,0,0,16,3.20
925,0.00,0.00,0,0,0,0.00
659,0.00,0.00,0,0,33,6.60
97,4000.00,6000.00,2,1,14,72.80
505,0.00,0.00,0,0,46,9.20
779,600.00,0.00,1,0,18,9.60
205,0.00,0.00,0,0,52,10.40
398,0.00,0.00,0,0,1,0.20
880,0.00,0.00,0,0,2,0.40
383,0.00,0.00,0,0,4,0.80
84,0.00,0.00,0,0,4,0.80
836,0.00,15000.00,0,1,44,83.80
544,0.00,0.00,0,0,8,1.60
675,0.00,0.00,0,0,12,2.40
645,0.00,0.00,0,0,6,1.20
27,0.00,0.00,0,0,26,5.20
900,0.00,0.00,0,0,1,0.20
492,0.00,0.00,0,0,3,0.60
547,40500.00,0.00,3,0,23,409.60
10,0.00,0.00,0,0,9,1.80
47,7000.00,1611.00,2,1,12,80.46
508,0.00,0.00,0,0,2,0.40
11,4000.00,0.00,2,0,13,42.60
227,0.00,0.00,0,0,12,2.40
758,0.00,0.00,0,0,7,1.40
300,0.00,0.00,0,0,21,4.20
885,0.00,0.00,0,0,4,0.80
628,2000.00,0.00,1,0,10,22.00
982,3300.00,0.00,3,0,2,33.40
699,6000.00,0.00,1,0,33,66.60
403,0.00,0.00,0,0,2,0.40
888,0.00,0.00,0,0,10,2.00
421,5000.00,53100.00,1,2,25,320.50
802,0.00,0.00,0,0,21,4.20
157,2000.00,0.00,1,0,3,20.60
154,0.00,0.00,0,0,9,1.80
601,0.00,0.00,0,0,0,0.00
238,0.00,0.00,0,0,12,2.40
604,0.00,0.00,0,0,24,4.80
853,0.00,0.00,0,0,3,0.60
890,0.00,12000.00,0,1,2,60.40
509,0.00,0.00,0,0,2,0.40
240,0.00,0.00,0,0,24,4.80
150,0.00,0.00,0,0,11,2.20
213,0.00,0.00,0,0,2,0.40
206,0.00,0.00,0,0,20,4.00
555,0.00,0.00,0,0,4,0.80
418,0.00,0.00,0,0,28,5.60
291,0.00,0.00,0,0,3,0.60
519,0.00,0.00,0,0,29,5.80
559,0.00,0.00,0,0,16,3.20
171,0.00,0.00,0,0,5,1.00
285,5000.00,0.00,1,0,0,50.00
865,0.00,0.00,0,0,3,0.60
510,0.00,0.00,0,0,1,0.20
233,0.00,23400.00,0,1,18,120.60
775,0.00,0.00,0,0,10,2.00
426,2000.00,0.00,1,0,4,20.80
795,3000.00,0.00,2,0,13,32.60
713,0.00,0.00,0,0,5,1.00
975,0.00,0.00,0,0,1,0.20
572,0.00,0.00,0,0,1,0.20
348,0.00,0.00,0,0,4,0.80
564,0.00,0.00,0,0,6,1.20
866,0.00,0.00,0,0,19,3.80
448,0.00,0.00,0,0,13,2.60
93,15000.00,30000.00,1,1,9,301.80
783,0.00,0.00,0,0,14,2.80
361,0.00,0.00,0,0,0,0.00
612,0.00,4000.00,0,1,23,24.60
649,0.00,0.00,0,0,8,1.60
140,0.00,0.00,0,0,0,0.00
450,1500.00,36000.00,2,1,6,196.20
927,6000.00,9999.00,1,1,13,112.60
204,2000.00,0.00,1,0,10,22.00
671,0.00,0.00,0,0,17,3.40
624,0.00,0.00,0,0,3,0.60
399,0.00,0.00,0,0,14,2.80
411,0.00,0.00,0,0,3,0.60
877,0.00,0.00,0,0,1,0.20
53,0.00,0.00,0,0,6,1.20
313,0.00,0.00,0,0,13,2.60
442,0.00,0.00,0,0,20,4.00
724,0.00,0.00,0,0,4,0.80
465,0.00,0.00,0,0,0,0.00
587,0.00,0.00,0,0,14,2.80
391,0.00,0.00,0,0,14,2.80
517,0.00,0.00,0,0,14,2.80
196,0.00,0.00,0,0,0,0.00
717,5000.00,0.00,3,0,5,51.00
431,0.00,0.00,0,0,5,1.00
141,0.00,0.00,0,0,16,3.20
446,0.00,0.00,0,0,1,0.20
666,0.00,0.00,0,0,2,0.40
709,3900.00,0.00,1,0,5,40.00
861,0.00,0.00,0,0,18,3.60
687,0.00,0.00,0,0,33,6.60
315,0.00,0.00,0,0,2,0.40
658,4000.00,0.00,1,0,15,43.00
889,2000.00,0.00,1,0,19,23.80
911,10000.00,0.00,1,0,11,102.20
497,1000.00,0.00,1,0,6,11.20
464,0.00,0.00,0,0,8,1.60
966,0.00,0.00,0,0,0,0.00
800,0.00,0.00,0,0,1,0.20
694,4000.00,0.00,1,0,2,40.40
640,0.00,0.00,0,0,4,0.80
763,0.00,0.00,0,0,11,2.20
295,0.00,0.00,0,0,0,0.00
772,0.00,0.00,0,0,3,0.60
482,0.00,0.00,0,0,3,0.60
991,0.00,0.00,0,0,0,0.00
883,0.00,0.00,0,0,0,0.00
557,0.00,0.00,0,0,11,2.20
876,0.00,0.00,0,0,9,1.80
928,0.00,0.00,0,0,2,0.40
585,0.00,0.00,0,0,2,0.40
558,0.00,0.00,0,0,2,0.40
893,0.00,0.00,0,0,0,0.00
605,0.00,0.00,0,0,3,0.60
979,5000.00,0.00,1,0,9,51.80
437,0.00,0.00,0,0,0,0.00
95,0.00,0.00,0,0,2,0.40
324,0.00,0.00,0,0,10,2.00
576,0.00,0.00,0,0,0,0.00
250,0.00,0.00,0,0,0,0.00
627,0.00,0.00,0,0,6,1.20
420,0.00,0.00,0,0,2,0.40
542,0.00,0.00,0,0,3,0.60
374,0.00,0.00,0,0,4,0.80
832,0.00,0.00,0,0,4,0.80
830,5500.00,0.00,1,0,2,55.40
886,0.00,0.00,0,0,5,1.00
375,0.00,0.00,0,0,17,3.40
424,0.00,0.00,0,0,9,1.80
15,0.00,0.00,0,0,0,0.00
996,800.00,0.00,1,0,5,9.00
146,0.00,0.00,0,0,8,1.60
452,2000.00,0.00,1,0,4,20.80
963,4500.00,0.00,1,0,7,46.40
959,0.00,0.00,0,0,0,0.00
580,0.00,0.00,0,0,4,0.80
852,0.00,0.00,0,0,3,0.60
485,10000.00,0.00,1,0,3,100.60
357,10000.00,0.00,1,0,4,100.80
525,0.00,0.00,0,0,9,1.80
379,777.00,0.00,1,0,1,7.97
695,0.00,0.00,0,0,3,0.60
304,0.00,0.00,0,0,5,1.00
173,5125.00,0.00,3,0,1,51.45
635,1500.00,0.00,1,0,6,16.20
338,0.00,0.00,0,0,7,1.40
929,2000.00,0.00,1,0,5,21.00
468,0.00,0.00,0,0,1,0.20
392,0.00,0.00,0,0,0,0.00
731,0.00,0.00,0,0,1,0.20
752,0.00,0.00,0,0,0,0.00
42,0.00,0.00,0,0,4,0.80
644,700.00,0.00,2,0,6,8.20
639,0.00,0.00,0,0,0,0.00
669,0.00,0.00,0,0,2,0.40
451,0.00,0.00,0,0,5,1.00
371,0.00,0.00,0,0,1,0.20
632,0.00,0.00,0,0,4,0.80
831,500.00,0.00,1,0,3,5.60
933,501.00,0.00,1,0,7,6.41
607,0.00,0.00,0,0,9,1.80
549,0.00,0.00,0,0,1,0.20
920,0.00,0.00,0,0,19,3.80
152,0.00,0.00,0,0,10,2.00
332,0.00,0.00,0,0,1,0.20
767,0.00,0.00,0,0,2,0.40
264,0.00,0.00,0,0,4,0.80
750,0.00,0.00,0,0,12,2.40
301,0.00,0.00,0,0,4,0.80
108,0.00,0.00,0,0,4,0.80
102,0.00,6000.00,0,1,2,30.40
797,5000.00,0.00,1,0,4,50.80
811,0.00,0.00,0,0,5,1.00
688,0.00,47400.00,0,1,4,237.80
184,0.00,0.00,0,0,3,0.60
400,0.00,0.00,0,0,0,0.00
373,10000.00,0.00,1,0,4,100.80
52,0.00,0.00,0,0,3,0.60
19,0.00,0.00,0,0,1,0.20
674,0.00,0.00,0,0,1,0.20
2,0.00,0.00,0,0,2,0.40
326,0.00,0.00,0,0,5,1.00
286,0.00,0.00,0,0,0,0.00
884,0.00,0.00,0,0,1,0.20
352,50275.00,0.00,5,0,4,503.56
305,100.00,0.00,1,0,11,3.20
280,1000.00,0.00,1,0,1,10.20
524,0.00,0.00,0,0,4,0.80
633,0.00,0.00,0,0,7,1.40
598,0.00,0.00,0,0,2,0.40
961,0.00,0.00,0,0,0,0.00
335,0.00,0.00,0,0,7,1.40
841,0.00,0.00,0,0,0,0.00
768,0.00,0.00,0,0,1,0.20
122,0.00,0.00,0,0,1,0.20
670,0.00,0.00,0,0,3,0.60
334,0.00,0.00,0,0,1,0.20
936,0.00,0.00,0,0,2,0.40
473,100.00,2000.00,1,1,6,12.20
166,0.00,0.00,0,0,2,0.40
336,0.00,0.00,0,0,1,0.20
652,0.00,0.00,0,0,0,0.00
160,0.00,0.00,0,0,1,0.20
577,0.00,0.00,0,0,3,0.60
417,2000.00,5650.00,1,1,8,49.85
474,0.00,0.00,0,0,5,1.00
878,0.00,0.00,0,0,1,0.20
822,4000.00,0.00,1,0,3,40.60
586,0.00,0.00,0,0,1,0.20
259,37500.00,0.00,4,0,2,375.40
974,0.00,0.00,0,0,0,0.00
476,0.00,0.00,0,0,1,0.20
329,0.00,0.00,0,0,6,1.20
71,0.00,0.00,0,0,1,0.20
401,0.00,0.00,0,0,11,2.20
676,0.00,0.00,0,0,5,1.00
913,0.00,0.00,0,0,1,0.20
995,0.00,0.00,0,0,0,0.00
46,0.00,0.00,0,0,0,0.00
980,3000.00,2800.00,1,1,2,44.40
499,0.00,0.00,0,0,0,0.00
208,170000.00,0.00,1,0,7,1701.40
706,0.00,0.00,0,0,1,0.20
330,2000.00,0.00,1,0,4,20.80
298,0.00,0.00,0,0,0,0.00
479,5000.00,0.00,1,0,4,50.80
574,0.00,0.00,0,0,2,0.40
235,0.00,0.00,0,0,1,0.20
504,0.00,0.00,0,0,0,0.00
83,0.00,0.00,0,0,1,0.20
503,0.00,0.00,0,0,1,0.20
819,0.00,0.00,0,0,8,1.60
190,0.00,0.00,0,0,3,0.60
325,0.00,0.00,0,0,1,0.20
606,0.00,0.00,0,0,5,1.00
527,0.00,0.00,0,0,2,0.40
566,0.00,0.00,0,0,4,0.80
55,0.00,0.00,0,0,0,0.00
132,0.00,0.00,0,0,1,0.20
506,0.00,0.00,0,0,0,0.00
971,0.00,0.00,0,0,2,0.40
36,0.00,0.00,0,0,1,0.20
941,0.00,0.00,0,0,6,1.20
609,0.00,0.00,0,0,2,0.40
734,0.00,0.00,0,0,2,0.40
516,500.00,0.00,1,0,1,5.20
12,2011.00,0.00,1,0,4,20.91
957,0.00,0.00,0,0,1,0.20
489,0.00,0.00,0,0,1,0.20
481,1000.00,0.00,1,0,6,11.20
608,0.00,0.00,0,0,0,0.00
429,1200.00,0.00,1,0,0,12.00
809,0.00,0.00,0,0,5,1.00
981,0.00,0.00,0,0,0,0.00
986,0.00,0.00,0,0,4,0.80
78,5000.00,15000.00,1,1,13,127.60
626,0.00,0.00,0,0,0,0.00
727,0.00,0.00,0,0,0,0.00
571,0.00,0.00,0,0,5,1.00
61,0.00,0.00,0,0,0,0.00
45,2100.00,20000.00,2,2,2,121.40
522,0.00,0.00,0,0,2,0.40
862,0.00,0.00,0,0,3,0.60
948,0.00,0.00,0,0,0,0.00
333,0.00,0.00,0,0,0,0.00
766,0.00,0.00,0,0,0,0.00
201,0.00,0.00,0,0,0,0.00
341,0.00,0.00,0,0,3,0.60
588,2000.00,0.00,1,0,2,20.40
74,0.00,0.00,0,0,4,0.80
732,0.00,0.00,0,0,1,0.20
600,0.00,0.00,0,0,2,0.40
390,7018.00,0.00,1,0,0,70.18
678,24000.00,0.00,2,0,0,240.00
855,0.00,0.00,0,0,2,0.40
402,0.00,0.00,0,0,0,0.00
90,3000.00,0.00,2,0,4,30.80
895,0.00,0.00,0,0,0,0.00
533,0.00,0.00,0,0,0,0.00
972,650.00,0.00,3,0,0,6.50
151,0.00,0.00,0,0,3,0.60
898,0.00,0.00,0,0,0,0.00
726,0.00,0.00,0,0,0,0.00
814,0.00,0.00,0,0,0,0.00
382,0.00,0.00,0,0,2,0.40
518,400.00,1900.00,1,1,3,14.10
188,0.00,0.00,0,0,1,0.20
1,0.00,0.00,0,0,0,0.00
785,0.00,0.00,0,0,2,0.40
143,0.00,0.00,0,0,3,0.60
796,1000.00,0.00,1,0,0,10.00
881,0.00,0.00,0,0,2,0.40
952,0.00,0.00,0,0,2,0.40
17,0.00,0.00,0,0,4,0.80
263,0.00,0.00,0,0,1,0.20
897,0.00,0.00,0,0,1,0.20
210,0.00,0.00,0,0,1,0.20
520,0.00,0.00,0,0,1,0.20
956,0.00,0.00,0,0,2,0.40
664,0.00,0.00,0,0,1,0.20
282,0.00,0.00,0,0,2,0.40
142,0.00,0.00,0,0,0,0.00
891,0.00,0.00,0,0,0,0.00
847,0.00,0.00,0,0,1,0.20
72,0.00,0.00,0,0,1,0.20
37,0.00,0.00,0,0,0,0.00
562,0.00,0.00,0,0,1,0.20
689,0.00,0.00,0,0,3,0.60
216,2000.00,0.00,1,0,0,20.00
344,0.00,0.00,0,0,0,0.00
840,0.00,0.00,0,0,1,0.20
682,0.00,0.00,0,0,1,0.20
630,0.00,0.00,0,0,0,0.00
964,0.00,0.00,0,0,0,0.00
323,0.00,0.00,0,0,1,0.20
415,0.00,0.00,0,0,0,0.00
954,0.00,0.00,0,0,0,0.00
356,0.00,0.00,0,0,4,0.80
130,0.00,0.00,0,0,1,0.20
24,500.00,0.00,1,0,4,5.80
248,0.00,0.00,0,0,1,0.20
59,0.00,0.00,0,0,1,0.20
434,0.00,0.00,0,0,0,0.00
389,0.00,37500.00,0,1,2,187.90
934,0.00,0.00,0,0,2,0.40
366,0.00,0.00,0,0,3,0.60
737,1000.00,0.00,1,0,0,10.00
662,0.00,0.00,0,0,0,0.00
314,0.00,0.00,0,0,2,0.40
951,0.00,0.00,0,0,4,0.80
770,0.00,0.00,0,0,2,0.40
419,0.00,0.00,0,0,0,0.00
471,0.00,0.00,0,0,3,0.60
665,0.00,0.00,0,0,0,0.00
63,0.00,0.00,0,0,2,0.40
523,0.00,0.00,0,0,0,0.00
320,0.00,0.00,0,0,2,0.40
266,300.00,0.00,1,0,6,4.20
231,0.00,0.00,0,0,4,0.80
824,0.00,3000.00,0,1,1,15.20
804,0.00,0.00,0,0,1,0.20
906,0.00,0.00,0,0,2,0.40
69,0.00,0.00,0,0,0,0.00
340,22000.00,0.00,2,0,0,220.00
944,200.00,0.00,1,0,2,2.40
554,2000.00,0.00,1,0,0,20.00
769,0.00,0.00,0,0,1,0.20
394,0.00,0.00,0,0,1,0.20
792,0.00,0.00,0,0,0,0.00
704,0.00,0.00,0,0,1,0.20
719,0.00,0.00,0,0,1,0.20
919,0.00,0.00,0,0,1,0.20
459,0.00,0.00,0,0,0,0.00
230,200.00,0.00,1,0,0,2.00
953,0.00,0.00,0,0,5,1.00
532,550.00,4000.00,1,1,5,26.50
983,0.00,0.00,0,0,0,0.00
6,0.00,0.00,0,0,0,0.00
521,0.00,0.00,0,0,0,0.00
118,0.00,0.00,0,0,0,0.00
311,0.00,0.00,0,0,1,0.20
223,0.00,0.00,0,0,0,0.00
563,1000.00,0.00,2,0,0,10.00
283,0.00,0.00,0,0,2,0.40
813,0.00,0.00,0,0,4,0.80
256,0.00,0.00,0,0,3,0.60
970,0.00,0.00,0,0,1,0.20
363,0.00,0.00,0,0,4,0.80
999,0.00,0.00,0,0,2,0.40
103,0.00,0.00,0,0,1,0.20
138,0.00,0.00,0,0,3,0.60
997,0.00,0.00,0,0,1,0.20
351,50.00,0.00,1,0,0,0.50
749,4000.00,0.00,1,0,1,40.20
136,0.00,0.00,0,0,3,0.60
317,0.00,0.00,0,0,0,0.00
561,500.00,0.00,1,0,0,5.00
410,0.00,0.00,0,0,0,0.00
864,0.00,0.00,0,0,0,0.00
467,0.00,0.00,0,0,6,1.20
965,0.00,0.00,0,0,1,0.20
378,1000.00,0.00,1,0,1,10.20
716,0.00,0.00,0,0,0,0.00
908,0.00,0.00,0,0,0,0.00
762,1500.00,0.00,1,0,0,15.00
701,0.00,0.00,0,0,2,0.40
65,0.00,0.00,0,0,0,0.00
187,0.00,0.00,0,0,7,1.40
914,0.00,0.00,0,0,0,0.00
747,0.00,0.00,0,0,0,0.00
277,0.00,0.00,0,0,1,0.20
174,0.00,0.00,0,0,1,0.20
603,0.00,0.00,0,0,0,0.00
882,0.00,0.00,0,0,0,0.00
114,0.00,0.00,0,0,0,0.00
64,0.00,0.00,0,0,1,0.20
28,0.00,0.00,0,0,0,0.00
875,0.00,0.00,0,0,3,0.60
514,0.00,0.00,0,0,0,0.00
784,500.00,0.00,1,0,1,5.20
50,0.00,0.00,0,0,0,0.00
834,20000.00,0.00,1,0,0,200.00
584,0.00,0.00,0,0,2,0.40
806,0.00,0.00,0,0,6,1.20
81,0.00,0.00,0,0,2,0.40
614,2000.00,0.00,1,0,0,20.00
955,0.00,0.00,0,0,1,0.20
526,21000.00,0.00,3,0,0,210.00
568,0.00,0.00,0,0,0,0.00
58,1000.00,0.00,1,0,0,10.00
751,0.00,0.00,0,0,0,0.00
409,0.00,0.00,0,0,0,0.00
48,0.00,0.00,0,0,0,0.00
440,0.00,0.00,0,0,2,0.40
454,0.00,0.00,0,0,0,0.00
405,0.00,0.00,0,0,0,0.00
441,0.00,10000.00,0,1,0,50.00
686,0.00,0.00,0,0,0,0.00
21,0.00,0.00,0,0,2,0.40
930,0.00,0.00,0,0,2,0.40
364,0.00,0.00,0,0,2,0.40
144,0.00,0.00,0,0,0,0.00
735,5000.00,0.00,1,0,2,50.40
18,0.00,0.00,0,0,0,0.00
88,0.00,0.00,0,0,0,0.00
367,0.00,0.00,0,0,1,0.20
860,0.00,0.00,0,0,0,0.00
921,0.00,0.00,0,0,2,0.40
591,0.00,0.00,0,0,0,0.00
322,0.00,0.00,0,0,0,0.00
94,138.00,0.00,1,0,0,1.38
984,0.00,0.00,0,0,0,0.00
49,0.00,0.00,0,0,0,0.00
107,0.00,0.00,0,0,0,0.00
968,0.00,0.00,0,0,2,0.40
764,0.00,0.00,0,0,0,0.00
484,0.00,0.00,0,0,0,0.00
548,12200.00,0.00,4,0,0,122.00
595,0.00,0.00,0,0,0,0.00
349,0.00,0.00,0,0,0,0.00
353,0.00,0.00,0,0,1,0.20
743,0.00,0.00,0,0,1,0.20
937,0.00,0.00,0,0,3,0.60
616,0.00,0.00,0,0,0,0.00
199,0.00,0.00,0,0,3,0.60
816,0.00,0.00,0,0,1,0.20
901,5000.00,0.00,1,0,4,50.80
96,0.00,0.00,0,0,0,0.00
209,0.00,0.00,0,0,0,0.00
271,20000.00,0.00,1,0,1,200.20
478,0.00,0.00,0,0,0,0.00
124,1000.00,0.00,1,0,1,10.20
75,0.00,0.00,0,0,1,0.20
812,0.00,0.00,0,0,1,0.20
278,0.00,0.00,0,0,0,0.00
275,0.00,0.00,0,0,0,0.00
469,0.00,0.00,0,0,0,0.00
552,0.00,0.00,0,0,1,0.20
234,0.00,0.00,0,0,1,0.20
531,0.00,0.00,0,0,2,0.40
387,0.00,0.00,0,0,0,0.00
698,0.00,0.00,0,0,1,0.20
381,0.00,2000.00,0,1,0,10.00
153,1000.00,0.00,1,0,1,10.20
279,0.00,0.00,0,0,0,0.00
825,6000.00,0.00,2,0,0,60.00
255,0.00,0.00,0,0,0,0.00
863,0.00,0.00,0,0,0,0.00
131,0.00,0.00,0,0,3,0.60
70,3000.00,0.00,1,0,0,30.00
104,0.00,0.00,0,0,1,0.20
575,0.00,0.00,0,0,0,0.00
163,0.00,0.00,0,0,3,0.60
287,0.00,0.00,0,0,3,0.60
158,0.00,0.00,0,0,0,0.00
746,0.00,0.00,0,0,3,0.60
7,0.00,0.00,0,0,3,0.60
692,0.00,0.00,0,0,0,0.00
169,0.00,0.00,0,0,2,0.40
261,0.00,0.00,0,0,1,0.20
872,0.00,0.00,0,0,0,0.00
807,0.00,0.00,0,0,0,0.00
29,2000.00,0.00,1,0,2,20.40
939,0.00,0.00,0,0,0,0.00
788,0.00,0.00,0,0,1,0.20
445,2000.00,4900.00,1,1,5,45.50
425,0.00,0.00,0,0,2,0.40
610,0.00,0.00,0,0,0,0.00
226,0.00,0.00,0,0,0,0.00
276,0.00,0.00,0,0,0,0.00
370,0.00,0.00,0,0,0,0.00
147,0.00,0.00,0,0,0,0.00
739,0.00,0.00,0,0,0,0.00
733,0.00,0.00,0,0,0,0.00
120,0.00,0.00,0,0,2,0.40
38,0.00,0.00,0,0,0,0.00
396,0.00,0.00,0,0,0,0.00
117,0.00,0.00,0,0,1,0.20
622,0.00,0.00,0,0,0,0.00
793,0.00,0.00,0,0,0,0.00
385,0.00,0.00,0,0,0,0.00
116,0.00,0.00,0,0,0,0.00
691,0.00,510.00,0,1,0,2.55
327,0.00,0.00,0,0,0,0.00
705,0.00,0.00,0,0,0,0.00
307,0.00,0.00,0,0,4,0.80
331,0.00,0.00,0,0,0,0.00
359,0.00,0.00,0,0,0,0.00
397,0.00,0.00,0,0,0,0.00
821,0.00,0.00,0,0,0,0.00
771,0.00,0.00,0,0,0,0.00
903,0.00,0.00,0,0,0,0.00
219,2000.00,0.00,1,0,0,20.00
30,22000.00,0.00,2,0,0,220.00
573,2000.00,0.00,2,0,0,20.00
656,1000.00,0.00,1,0,0,10.00
528,0.00,0.00,0,0,0,0.00
501,0.00,0.00,0,0,0,0.00
346,0.00,0.00,0,0,0,0.00
782,0.00,0.00,0,0,0,0.00
290,0.00,0.00,0,0,0,0.00
938,0.00,0.00,0,0,0,0.00
462,0.00,0.00,0,0,0,0.00
615,0.00,0.00,0,0,0,0.00
224,0.00,0.00,0,0,0,0.00
907,1000.00,0.00,1,0,1,10.20
917,0.00,0.00,0,0,1,0.20
621,0.00,0.00,0,0,0,0.00
180,2000.00,0.00,1,0,1,20.20
249,0.00,0.00,0,0,2,0.40
537,0.00,0.00,0,0,2,0.40
579,0.00,0.00,0,0,0,0.00
943,0.00,0.00,0,0,1,0.20
175,0.00,0.00,0,0,1,0.20
829,0.00,0.00,0,0,0,0.00
195,0.00,0.00,0,0,0,0.00
217,0.00,0.00,0,0,2,0.40
512,1000.00,0.00,1,0,0,10.00
551,0.00,0.00,0,0,0,0.00
708,6000.00,0.00,2,0,0,60.00
940,0.00,0.00,0,0,1,0.20
623,0.00,0.00,0,0,0,0.00
538,0.00,0.00,0,0,0,0.00
818,0.00,0.00,0,0,1,0.20
189,0.00,0.00,0,0,2,0.40
369,50000.00,0.00,1,0,1,500.20
648,0.00,0.00,0,0,0,0.00
578,150.00,0.00,1,0,1,1.70
592,0.00,0.00,0,0,0,0.00
358,0.00,0.00,0,0,1,0.20
556,0.00,0.00,0,0,0,0.00
319,0.00,0.00,0,0,0,0.00
789,0.00,0.00,0,0,0,0.00
192,0.00,0.00,0,0,0,0.00
269,0.00,0.00,0,0,0,0.00
570,0.00,0.00,0,0,1,0.20
41,0.00,0.00,0,0,0,0.00
904,0.00,0.00,0,0,0,0.00
857,0.00,0.00,0,0,0,0.00
536,300.00,0.00,2,0,0,3.00
776,0.00,0.00,0,0,1,0.20
642,0.00,0.00,0,0,2,0.40
791,0.00,0.00,0,0,1,0.20
393,200.00,0.00,1,0,0,2.00
874,0.00,0.00,0,0,0,0.00
80,5000.00,0.00,1,0,1,50.20
292,0.00,0.00,0,0,0,0.00
823,0.00,0.00,0,0,0,0.00
111,0.00,0.00,0,0,2,0.40
486,0.00,0.00,0,0,0,0.00
98,0.00,0.00,0,0,0,0.00
243,0.00,0.00,0,0,0,0.00
637,8812.00,0.00,5,0,0,88.13
867,0.00,0.00,0,0,0,0.00
625,5000.00,0.00,1,0,0,50.00
251,0.00,0.00,0,0,1,0.20
207,0.00,0.00,0,0,0,0.00
148,0.00,0.00,0,0,1,0.20
962,0.00,0.00,0,0,0,0.00
787,0.00,0.00,0,0,0,0.00
40,0.00,0.00,0,0,0,0.00
711,0.00,0.00,0,0,2,0.40
215,0.00,0.00,0,0,1,0.20
170,0.00,0.00,0,0,0,0.00
859,0.00,0.00,0,0,1,0.20
265,0.00,0.00,0,0,1,0.20
681,12000.00,0.00,1,0,0,120.00
672,0.00,0.00,0,0,0,0.00
406,0.00,0.00,0,0,1,0.20
466,0.00,0.00,0,0,0,0.00
310,9000.00,0.00,1,0,0,90.00
529,0.00,0.00,0,0,0,0.00
115,0.00,0.00,0,0,1,0.20
99,0.00,0.00,0,0,0,0.00
360,0.00,0.00,0,0,0,0.00
288,0.00,0.00,0,0,0,0.00
67,2000.00,0.00,1,0,0,20.00
3,0.00,0.00,0,0,2,0.40
810,0.00,0.00,0,0,0,0.00
700,0.00,0.00,0,0,0,0.00
176,0.00,0.00,0,0,2,0.40
433,0.00,0.00,0,0,0,0.00
838,0.00,0.00,0,0,1,0.20
54,3000.00,0.00,1,0,0,30.00
613,6000.00,0.00,5,0,0,60.01
119,0.00,0.00,0,0,0,0.00
820,0.00,0.00,0,0,0,0.00
924,0.00,0.00,0,0,0,0.00
294,0.00,0.00,0,0,0,0.00
241,0.00,0.00,0,0,0,0.00
79,0.00,0.00,0,0,1,0.20
755,0.00,0.00,0,0,0,0.00
416,0.00,0.00,0,0,0,0.00
894,0.00,0.00,0,0,0,0.00
444,0.00,0.00,0,0,1,0.20
931,0.00,0.00,0,0,0,0.00
430,0.00,0.00,0,0,0,0.00
950,38000.00,0.00,4,0,0,380.00
835,0.00,0.00,0,0,0,0.00
92,0.00,0.00,0,0,1,0.20
128,0.00,0.00,0,0,2,0.40
32,0.00,0.00,0,0,0,0.00
596,0.00,0.00,0,0,0,0.00
221,0.00,0.00,0,0,0,0.00
781,0.00,0.00,0,0,0,0.00
870,0.00,0.00,0,0,2,0.40
129,0.00,0.00,0,0,0,0.00
707,0.00,0.00,0,0,0,0.00
660,0.00,0.00,0,0,0,0.00
725,0.00,0.00,0,0,1,0.20
534,0.00,0.00,0,0,0,0.00
172,0.00,0.00,0,0,0,0.00
988,0.00,0.00,0,0,0,0.00
185,0.00,0.00,0,0,1,0.20
395,0.00,0.00,0,0,0,0.00
60,2500.00,0.00,1,0,1,25.20
123,0.00,0.00,0,0,0,0.00
386,0.00,0.00,0,0,0,0.00
629,0.00,0.00,0,0,0,0.00
714,32000.00,0.00,1,0,0,320.00
854,0.00,0.00,0,0,0,0.00
942,0.00,0.00,0,0,0,0.00
703,0.00,0.00,0,0,0,0.00
498,0.00,0.00,0,0,0,0.00
684,0.00,0.00,0,0,0,0.00
761,0.00,0.00,0,0,0,0.00
260,0.00,0.00,0,0,0,0.00
619,0.00,0.00,0,0,0,0.00
647,0.00,0.00,0,0,3,0.60
712,0.00,0.00,0,0,1,0.20
569,45000.00,0.00,1,0,0,450.00
316,0.00,0.00,0,0,1,0.20
967,2500.00,0.00,1,0,0,25.00
868,0.00,0.00,0,0,0,0.00
560,1300.00,0.00,2,0,0,13.00
135,0.00,0.00,0,0,0,0.00
530,0.00,0.00,0,0,1,0.20
926,500.00,0.00,1,0,0,5.00
308,10000.00,0.00,1,0,0,100.00
191,0.00,0.00,0,0,0,0.00
736,0.00,0.00,0,0,0,0.00
212,0.00,0.00,0,0,0,0.00
87,0.00,0.00,0,0,0,0.00
958,0.00,0.00,0,0,0,0.00
453,0.00,0.00,0,0,0,0.00
44,600.00,0.00,2,0,0,6.00
655,1100.00,0.00,1,0,0,11.00
51,0.00,0.00,0,0,0,0.00
720,0.00,0.00,0,0,0,0.00
164,0.00,0.00,0,0,1,0.20
697,0.00,0.00,0,0,0,0.00
145,0.00,0.00,0,0,0,0.00
414,0.00,0.00,0,0,0,0.00
553,0.00,8500.00,0,1,0,42.50
879,0.00,0.00,0,0,0,0.00
202,0.00,0.00,0,0,0,0.00
347,0.00,0.00,0,0,0,0.00
222,20000.00,0.00,1,0,0,200.00
873,0.00,0.00,0,0,0,0.00
109,0.00,0.00,0,0,0,0.00
350,0.00,0.00,0,0,0,0.00
757,0.00,0.00,0,0,0,0.00
490,0.00,0.00,0,0,0,0.00
167,0.00,0.00,0,0,0,0.00
257,0.00,0.00,0,0,0,0.00
306,0.00,0.00,0,0,0,0.00
0,0.00,0.00,0,0,0,0.00
846,0.00,0.00,0,0,0,0.00
246,0.00,0.00,0,0,0,0.00
947,0.00,0.00,0,0,0,0.00
423,0.00,0.00,0,0,0,0.00
896,0.00,0.00,0,0,1,0.20
245,0.00,150000.00,0,1,0,750.00
236,0.00,0.00,0,0,0,0.00
513,0.00,0.00,0,0,1,0.20
413,0.00,0.00,0,0,0,0.00
198,0.00,0.00,0,0,0,0.00
101,0.00,0.00,0,0,0,0.00
910,0.00,0.00,0,0,0,0.00
281,0.00,0.00,0,0,2,0.40
66,0.00,0.00,0,0,0,0.00
511,0.00,0.00,0,0,0,0.00
268,0.00,0.00,0,0,0,0.00
343,0.00,0.00,0,0,1,0.20
583,250.00,0.00,1,0,0,2.50
915,15000.00,0.00,1,0,1,150.20
229,0.00,0.00,0,0,1,0.20
432,0.00,0.00,0,0,0,0.00
993,0.00,0.00,0,0,0,0.00
262,0.00,0.00,0,0,0,0.00
685,0.00,0.00,0,0,0,0.00
161,0.00,0.00,0,0,0,0.00
178,0.00,0.00,0,0,0,0.00
827,0.00,0.00,0,0,0,0.00
718,1000.00,0.00,1,0,1,10.20
773,0.00,0.00,0,0,0,0.00
376,0.00,0.00,0,0,0,0.00
994,0.00,0.00,0,0,0,0.00
483,0.00,0.00,0,0,0,0.00
480,0.00,0.00,0,0,0,0.00
68,0.00,0.00,0,0,0,0.00
404,0.00,0.00,0,0,0,0.00
225,0.00,0.00,0,0,0,0.00
634,0.00,544620.00,0,2,0,2723.10
76,0.00,0.00,0,0,0,0.00
388,0.00,0.00,0,0,0,0.00
177,0.00,0.00,0,0,0,0.00
134,0.00,0.00,0,0,1,0.20
239,0.00,0.00,0,0,1,0.20
312,0.00,0.00,0,0,0,0.00
833,0.00,0.00,0,0,0,0.00
690,4000.00,0.00,1,0,0,40.00
808,0.00,0.00,0,0,0,0.00
461,5000.00,0.00,1,0,0,50.00
729,0.00,0.00,0,0,0,0.00
200,0.00,0.00,0,0,0,0.00
590,0.00,0.00,0,0,0,0.00
155,0.00,0.00,0,0,0,0.00
100,0.00,0.00,0,0,0,0.00
650,0.00,0.00,0,0,0,0.00
162,12000.00,130000.00,1,1,0,770.00
438,0.00,0.00,0,0,0,0.00
220,0.00,0.00,0,0,1,0.20
742,0.00,0.00,0,0,0,0.00
493,0.00,0.00,0,0,0,0.00
850,17000.00,0.00,4,0,1,170.20
756,0.00,0.00,0,0,0,0.00
299,0.00,0.00,0,0,0,0.00
778,0.00,0.00,0,0,0,0.00
909,20000.00,0.00,1,0,0,200.00
912,0.00,0.00,0,0,0,0.00
463,0.00,0.00,0,0,0,0.00
267,0.00,0.00,0,0,0,0.00
871,0.00,0.00,0,0,0,0.00
472,0.00,0.00,0,0,0,0.00
976,0.00,0.00,0,0,0,0.00
62,0.00,0.00,0,0,0,0.00
470,0.00,0.00,0,0,0,0.00
728,0.00,0.00,0,0,1,0.20
193,4000.00,57000.00,1,1,0,325.00
589,0.00,0.00,0,0,0,0.00
839,0.00,0.00,0,0,0,0.00
106,1210.00,0.00,2,0,0,12.10
998,0.00,0.00,0,0,0,0.00
539,0.00,0.00,0,0,0,0.00
33,0.00,0.00,0,0,0,0.00
125,250.00,0.00,1,0,0,2.50
780,0.00,0.00,0,0,0,0.00
500,300.00,0.00,1,0,0,3.00
232,500.00,0.00,1,0,0,5.00
427,0.00,0.00,0,0,1,0.20
105,0.00,0.00,0,0,0,0.00
949,0.00,0.00,0,0,0,0.00
507,0.00,0.00,0,0,0,0.00
20,0.00,0.00,0,0,0,0.00
34,0.00,0.00,0,0,0,0.00
321,0.00,0.00,0,0,0,0.00
345,0.00,0.00,0,0,0,0.00
786,0.00,0.00,0,0,0,0.00
801,0.00,0.00,0,0,0,0.00
935,0.00,0.00,0,0,0,0.00
149,0.00,0.00,0,0,0,0.00
22,0.00,0.00,0,0,0,0.00
126,0.00,0.00,0,0,0,0.00
368,700.00,0.00,1,0,0,7.00
302,1000.00,0.00,1,0,0,10.00
715,0.00,0.00,0,0,0,0.00
113,0.00,0.00,0,0,0,0.00
683,10200.00,0.00,1,0,0,102.00
817,0.00,4000.00,0,1,0,20.00
35,0.00,0.00,0,0,0,0.00
617,0.00,0.00,0,0,0,0.00
594,0.00,0.00,0,0,0,0.00
495,0.00,0.00,0,0,0,0.00
457,0.00,0.00,0,0,0,0.00
82,0.00,0.00,0,0,0,0.00
228,0.00,0.00,0,0,0,0.00
858,0.00,0.00,0,0,0,0.00
73,0.00,0.00,0,0,0,0.00
25,0.00,0.00,0,0,0,0.00
13,0.00,0.00,0,0,0,0.00
112,0.00,0.00,0,0,0,0.00
127,0.00,0.00,0,0,0,0.00
643,0.00,0.00,0,0,0,0.00
491,0.00,0.00,0,0,2,0.40
274,300.00,0.00,1,0,0,3.00
661,0.00,0.00,0,0,0,0.00
696,0.00,0.00,0,0,0,0.00
203,0.00,0.00,0,0,0,0.00
328,0.00,0.00,0,0,0,0.00
543,0.00,0.00,0,0,0,0.00
86,0.00,0.00,0,0,0,0.00
293,0.00,0.00,0,0,0,0.00
284,0.00,0.00,0,0,0,0.00
254,0.00,0.00,0,0,0,0.00
26,0.00,0.00,0,0,0,0.00
848,0.00,0.00,0,0,0,0.00
960,0.00,0.00,0,0,0,0.00
905,1000.00,0.00,1,0,1,10.20
803,0.00,0.00,0,0,0,0.00
244,0.00,0.00,0,0,1,0.20
892,0.00,0.00,0,0,1,0.20
362,0.00,0.00,0,0,1,0.20
638,0.00,0.00,0,0,0,0.00
4,0.00,0.00,0,0,0,0.00
631,0.00,0.00,0,0,0,0.00
702,0.00,0.00,0,0,0,0.00
680,0.00,0.00,0,0,0,0.00
815,0.00,0.00,0,0,0,0.00
740,19000.00,0.00,1,0,0,190.00
842,100.00,0.00,1,0,0,1.00
133,0.00,0.00,0,0,0,0.00
253,0.00,0.00,0,0,0,0.00
475,0.00,0.00,0,0,0,0.00
918,0.00,0.00,0,0,0,0.00
760,0.00,0.00,0,0,0,0.00
593,0.00,0.00,0,0,0,0.00
799,0.00,0.00,0,0,0,0.00
723,0.00,0.00,0,0,0,0.00
435,0.00,0.00,0,0,0,0.00
899,0.00,0.00,0,0,0,0.00
546,0.00,0.00,0,0,0,0.00
428,0.00,0.00,0,0,0,0.00
211,0.00,0.00,0,0,0,0.00
165,0.00,0.00,0,0,0,0.00
56,0.00,0.00,0,0,0,0.00
91,0.00,0.00,0,0,0,0.00
159,0.00,0.00,0,0,0,0.00
422,0.00,0.00,0,0,0,0.00
408,15000.00,0.00,1,0,0,150.00
384,0.00,0.00,0,0,0,0.00
969,0.00,0.00,0,0,0,0.00
